ML Model Name,Accuracy,AUC,Precision,Recall,F1,MCC
Logistic Regression,0.8005677785663591,0.8314009661835748,0.6439628482972136,0.5561497326203209,0.5968436154949784,0.46750633900569394
Decision Tree,0.7693399574166075,0.7909336330052442,0.5698005698005698,0.5347593582887701,0.5517241379310345,0.39701704537082605
KNN,0.7750177430801988,0.812712805807435,0.5748031496062992,0.5855614973262032,0.5801324503311258,0.42652497876159545
Naive Bayes,0.6792051100070973,0.8054405952104161,0.4434782608695652,0.8181818181818182,0.575187969924812,0.3949908611433242
Random Forest,0.7885024840312278,0.8120915032679737,0.625,0.5080213903743316,0.56047197640118,0.42710661081317713
XGBoost,0.7877927608232789,0.8280257821178537,0.6205787781350482,0.516042780748663,0.5635036496350365,0.4280420571030691
